01_understanding-machine-learning.pdf	https://cs.huji.ac.il/~shais/UnderstandingMachineLearning/understanding-machine-learning-theory-algorithms.pdf
02_mathematics-for-machine-learning.pdf	https://mml-book.github.io/book/mml-book.pdf
03_mathematical-analysis-of-ml-algorithms.pdf	https://tongzhang-ml.org/lt-book/lt-book.pdf
04_principles-of-deep-learning-theory.pdf	https://arxiv.org/pdf/2106.10165
05_machine-learning-with-neural-networks.pdf	https://arxiv.org/pdf/1901.05639
06_deep-learning-on-graphs.pdf	https://yaoma24.github.io/dlg_book/dlg_book.pdf
07_algorithmic-aspects-of-machine-learning.pdf	https://people.csail.mit.edu/moitra/docs/bookexv2.pdf
08_probability-theory-and-examples.pdf	https://sites.math.duke.edu/~rtd/PTE/PTE5_011119.pdf
09_elementary-probability-for-applications.pdf	https://sites.math.duke.edu/~rtd/EP4A/EP4A_April2021.pdf
10_advanced-data-analysis-elementary-pov.pdf	https://stat.cmu.edu/~cshalizi/ADAfaEPoV/ADAfaEPoV.pdf
